case	text_hex	x	y	rotation	hadj	color	font	pointsize	cex	M_ascent	M_descent	M_width	text_width
after-errors	6c6162656c	252.72599999999997	90.719999999999985	0	0	-16711936	2	12	1	8.6159999999999997	-0	9.9959999999999987	27.347999999999999
bad-side-coercion	6c6162656c	-13.173999999999999	0	0	0	-16711936	2	12	1	8.6159999999999997	-0	9.9959999999999987	27.347999999999999
cex--1	6c6162656c	252.72599999999997	419.04000000000002	0	0	-16711936	2	12	1	8.6159999999999997	-0	9.9959999999999987	27.347999999999999
cex-0	6c6162656c	252.72599999999997	419.04000000000002	0	0	-16711936	2	12	1	8.6159999999999997	-0	9.9959999999999987	27.347999999999999
cex-Inf	6c6162656c	252.72599999999997	419.04000000000002	0	0	-16711936	2	12	1	8.6159999999999997	-0	9.9959999999999987	27.347999999999999
cex-missing	6c6162656c	252.72599999999997	419.04000000000002	0	0	-16711936	2	12	1	8.6159999999999997	-0	9.9959999999999987	27.347999999999999
cex-replace	6c6162656c	252.72599999999997	419.04000000000002	0	0	-16711936	2	12	1	8.6159999999999997	-0	9.9959999999999987	27.347999999999999
character-side	6c6162656c	84.959999999999994	245.52600000000001	90	0	-16711936	2	12	1	8.6159999999999997	-0	9.9959999999999987	27.347999999999999
colors-missing	61	263.06399999999996	419.04000000000002	0	0	-16711936	2	12	1	8.6159999999999997	-0	9.9959999999999987	6.6720000000000006
colors-missing	62	262.73399999999998	419.04000000000002	0	0	-65536	2	12	1	8.6159999999999997	-0	9.9959999999999987	7.3319999999999999
empty-cex	6c6162656c	252.72599999999997	419.04000000000002	0	0	-16711936	2	12	1	8.6159999999999997	-0	9.9959999999999987	27.347999999999999
empty-col	6c6162656c	252.72599999999997	419.04000000000002	0	0	16777215	2	12	1	8.6159999999999997	-0	9.9959999999999987	27.347999999999999
empty-font	6c6162656c	252.72599999999997	419.04000000000002	0	0	-16711936	2	12	1	8.6159999999999997	-0	9.9959999999999987	27.347999999999999
invalid-at	6c6162656c	252.72599999999997	419.04000000000002	0	0	-16711936	2	12	1	8.6159999999999997	-0	9.9959999999999987	27.347999999999999
invalid-line	6c6162656c	252.72599999999997	nan	0	0	-16711936	2	12	1	8.6159999999999997	-0	9.9959999999999987	27.347999999999999
invalid-side-0	6c6162656c	-13.173999999999999	0	0	0	-16711936	2	12	1	8.6159999999999997	-0	9.9959999999999987	27.347999999999999
invalid-side-5	6c6162656c	-13.173999999999999	0	0	0	-16711936	2	12	1	8.6159999999999997	-0	9.9959999999999987	27.347999999999999
invalid-side-NA	6c6162656c	-13.173999999999999	0	0	0	-16711936	2	12	1	8.6159999999999997	-0	9.9959999999999987	27.347999999999999
math	61	444.95999999999998	253.51490000000001	0	0	-16711936	5	12	1	8.0760000000000005	-0	10.667999999999999	7.5720000000000001
math	32	452.53199999999998	259.47710000000001	0	0	-16711936	1	12	0.69999999999999996	5.7439999999999998	-0	6.6639999999999997	4.4480000000000004
missing-text	70726573656e74	244.72799999999995	419.04000000000002	0	0	-16711936	2	12	1	8.6159999999999997	-0	9.9959999999999987	43.344000000000001
recycle	61	177.12	90.719999999999985	0	0	-16776961	1	12	0.5	4.3079999999999998	-0	4.9979999999999993	3.3360000000000003
recycle	62	74.867999999999995	334.01399999999995	90	0	-16777216	2	12	1	8.6159999999999997	-0	9.9959999999999987	7.3319999999999999
recycle	61	470.87999999999994	337.68000000000001	90	0	-16777216	4	12	0.5	4.3079999999999998	-0	4.9979999999999993	3.3360000000000003
side1-las0-outer0	6c6162656c	253.72799999999995	83.519999999999982	0	0	-16777216	1	12	1	8.6159999999999997	-0	9.9959999999999987	25.344000000000001
side1-las0-outer1	6c6162656c	239.328	10.079999999999998	0	0	-16777216	1	12	1	8.6159999999999997	-0	9.9959999999999987	25.344000000000001
side1-las1-outer0	6c6162656c	253.72799999999995	83.519999999999982	0	0	-16777216	1	12	1	8.6159999999999997	-0	9.9959999999999987	25.344000000000001
side1-las1-outer1	6c6162656c	239.328	10.079999999999998	0	0	-16777216	1	12	1	8.6159999999999997	-0	9.9959999999999987	25.344000000000001
side1-las2-outer0	6c6162656c	270.70799999999997	69.695999999999998	90	0	-16777216	1	12	1	8.6159999999999997	-0	9.9959999999999987	25.344000000000001
side1-las2-outer1	6c6162656c	256.30799999999999	-3.7440000000000042	90	0	-16777216	1	12	1	8.6159999999999997	-0	9.9959999999999987	25.344000000000001
side1-las3-outer0	6c6162656c	270.70799999999997	69.695999999999998	90	0	-16777216	1	12	1	8.6159999999999997	-0	9.9959999999999987	25.344000000000001
side1-las3-outer1	6c6162656c	256.30799999999999	-3.7440000000000042	90	0	-16777216	1	12	1	8.6159999999999997	-0	9.9959999999999987	25.344000000000001
side2-las0-outer0	6c6162656c	77.759999999999977	246.52799999999996	90	0	-16777216	1	12	1	8.6159999999999997	-0	9.9959999999999987	25.344000000000001
side2-las0-outer1	6c6162656c	18.719999999999999	239.328	90	0	-16777216	1	12	1	8.6159999999999997	-0	9.9959999999999987	25.344000000000001
side2-las1-outer0	6c6162656c	55.295999999999978	254.892	0	0	-16777216	1	12	1	8.6159999999999997	-0	9.9959999999999987	25.344000000000001
side2-las1-outer1	6c6162656c	-3.7440000000000033	247.69200000000004	0	0	-16777216	1	12	1	8.6159999999999997	-0	9.9959999999999987	25.344000000000001
side2-las2-outer0	6c6162656c	55.295999999999978	254.892	0	0	-16777216	1	12	1	8.6159999999999997	-0	9.9959999999999987	25.344000000000001
side2-las2-outer1	6c6162656c	-3.7440000000000033	247.69200000000004	0	0	-16777216	1	12	1	8.6159999999999997	-0	9.9959999999999987	25.344000000000001
side2-las3-outer0	6c6162656c	77.759999999999977	246.52799999999996	90	0	-16777216	1	12	1	8.6159999999999997	-0	9.9959999999999987	25.344000000000001
side2-las3-outer1	6c6162656c	18.719999999999999	239.328	90	0	-16777216	1	12	1	8.6159999999999997	-0	9.9959999999999987	25.344000000000001
side3-las0-outer0	6c6162656c	253.72799999999995	426.24000000000001	0	0	-16777216	1	12	1	8.6159999999999997	-0	9.9959999999999987	25.344000000000001
side3-las0-outer1	6c6162656c	239.328	485.27999999999997	0	0	-16777216	1	12	1	8.6159999999999997	-0	9.9959999999999987	25.344000000000001
side3-las1-outer0	6c6162656c	253.72799999999995	426.24000000000001	0	0	-16777216	1	12	1	8.6159999999999997	-0	9.9959999999999987	25.344000000000001
side3-las1-outer1	6c6162656c	239.328	485.27999999999997	0	0	-16777216	1	12	1	8.6159999999999997	-0	9.9959999999999987	25.344000000000001
side3-las2-outer0	6c6162656c	270.70799999999997	423.36000000000001	90	0	-16777216	1	12	1	8.6159999999999997	-0	9.9959999999999987	25.344000000000001
side3-las2-outer1	6c6162656c	256.30799999999999	482.40000000000003	90	0	-16777216	1	12	1	8.6159999999999997	-0	9.9959999999999987	25.344000000000001
side3-las3-outer0	6c6162656c	270.70799999999997	423.36000000000001	90	0	-16777216	1	12	1	8.6159999999999997	-0	9.9959999999999987	25.344000000000001
side3-las3-outer1	6c6162656c	256.30799999999999	482.40000000000003	90	0	-16777216	1	12	1	8.6159999999999997	-0	9.9959999999999987	25.344000000000001
side4-las0-outer0	6c6162656c	463.68000000000001	246.52799999999996	90	0	-16777216	1	12	1	8.6159999999999997	-0	9.9959999999999987	25.344000000000001
side4-las0-outer1	6c6162656c	493.91999999999996	239.328	90	0	-16777216	1	12	1	8.6159999999999997	-0	9.9959999999999987	25.344000000000001
side4-las1-outer0	6c6162656c	452.15999999999997	254.892	0	0	-16777216	1	12	1	8.6159999999999997	-0	9.9959999999999987	25.344000000000001
side4-las1-outer1	6c6162656c	482.40000000000003	247.69200000000004	0	0	-16777216	1	12	1	8.6159999999999997	-0	9.9959999999999987	25.344000000000001
side4-las2-outer0	6c6162656c	452.15999999999997	254.892	0	0	-16777216	1	12	1	8.6159999999999997	-0	9.9959999999999987	25.344000000000001
side4-las2-outer1	6c6162656c	482.40000000000003	247.69200000000004	0	0	-16777216	1	12	1	8.6159999999999997	-0	9.9959999999999987	25.344000000000001
side4-las3-outer0	6c6162656c	463.68000000000001	246.52799999999996	90	0	-16777216	1	12	1	8.6159999999999997	-0	9.9959999999999987	25.344000000000001
side4-las3-outer1	6c6162656c	493.91999999999996	239.328	90	0	-16777216	1	12	1	8.6159999999999997	-0	9.9959999999999987	25.344000000000001
