|double|a20700000000f07f|
|integer|00000080|
|complex|a20700000000f07fa20700000000f07f|
20|double|a20700000000f07f|
20|integer|00000080|
20|complex|a20700000000f07fa20700000000f07f|
090a|double|a20700000000f07f|
090a|integer|00000080|
090a|complex|a20700000000f07fa20700000000f07f|
30|double|0000000000000000|
30|integer|00000000|
30|complex|00000000000000000000000000000000|
2d30|double|0000000000000080|
2d30|integer|00000000|
2d30|complex|00000000000000800000000000000000|
2b30|double|0000000000000000|
2b30|integer|00000000|
2b30|complex|00000000000000000000000000000000|
31|double|000000000000f03f|
31|integer|01000000|
31|complex|000000000000f03f0000000000000000|
2d322e35|double|00000000000004c0|
2d322e35|integer|feffffff|
2d322e35|complex|00000000000004c00000000000000000|
2e35|double|000000000000e03f|
2e35|integer|00000000|
2e35|complex|000000000000e03f0000000000000000|
312e|double|000000000000f03f|
312e|integer|01000000|
312e|complex|000000000000f03f0000000000000000|
20202b312e3235653220|double|0000000000405f40|
20202b312e3235653220|integer|7d000000|
20202b312e3235653220|complex|0000000000405f400000000000000000|
332e313431353932363533353839373933|double|182d4454fb210940|
332e313431353932363533353839373933|integer|03000000|
332e313431353932363533353839373933|complex|182d4454fb2109400000000000000000|
31652d333038|double|d1e81978d6300700|
31652d333038|integer|00000000|
31652d333038|complex|d1e81978d63007000000000000000000|
35652d333234|double|0100000000000000|
35652d333234|integer|00000000|
35652d333234|complex|01000000000000000000000000000000|
3165333039|double|000000000000f07f|
3165333039|integer|00000080|NAs introduced by coercion to integer range
3165333039|complex|000000000000f07f0000000000000000|
3165393939393939393939393939|double|000000000000f07f|
3165393939393939393939393939|integer|00000080|NAs introduced by coercion to integer range
3165393939393939393939393939|complex|000000000000f07f0000000000000000|
3065393939393939393939393939|double|0000000000000000|
3065393939393939393939393939|integer|00000000|
3065393939393939393939393939|complex|00000000000000000000000000000000|
2d3065393939393939393939393939|double|0000000000000080|
2d3065393939393939393939393939|integer|00000000|
2d3065393939393939393939393939|complex|00000000000000800000000000000000|
31652d393939393939393939393939|double|0000000000000000|
31652d393939393939393939393939|integer|00000000|
31652d393939393939393939393939|complex|00000000000000000000000000000000|
4e614e|double|000000000000f87f|
4e614e|integer|00000000|
4e614e|complex|000000000000f87f0000000000000000|
6e616e|double|000000000000f87f|
6e616e|integer|00000000|
6e616e|complex|000000000000f87f0000000000000000|
4e414e|double|000000000000f87f|
4e414e|integer|00000000|
4e414e|complex|000000000000f87f0000000000000000|
2d4e614e|double|000000000000f87f|
2d4e614e|integer|00000000|
2d4e614e|complex|000000000000f87f0000000000000000|
2b4e614e|double|000000000000f87f|
2b4e614e|integer|00000000|
2b4e614e|complex|000000000000f87f0000000000000000|
496e66|double|000000000000f07f|
496e66|integer|00000080|NAs introduced by coercion to integer range
496e66|complex|000000000000f07f0000000000000000|
696e66696e697479|double|000000000000f07f|
696e66696e697479|integer|00000080|NAs introduced by coercion to integer range
696e66696e697479|complex|000000000000f07f0000000000000000|
2d494e46|double|000000000000f0ff|
2d494e46|integer|00000080|NAs introduced by coercion to integer range
2d494e46|complex|000000000000f0ff0000000000000000|
2b496e66696e697479|double|000000000000f07f|
2b496e66696e697479|integer|00000080|NAs introduced by coercion to integer range
2b496e66696e697479|complex|000000000000f07f0000000000000000|
4e41|double|a20700000000f07f|NAs introduced by coercion
4e41|integer|00000080|NAs introduced by coercion
4e41|complex|a20700000000f07fa20700000000f07f|NAs introduced by coercion
6e616e287061796c6f616429|double|a20700000000f07f|NAs introduced by coercion
6e616e287061796c6f616429|integer|00000080|NAs introduced by coercion
6e616e287061796c6f616429|complex|a20700000000f07fa20700000000f07f|NAs introduced by coercion
4e614e78|double|a20700000000f07f|NAs introduced by coercion
4e614e78|integer|00000080|NAs introduced by coercion
4e614e78|complex|a20700000000f07fa20700000000f07f|NAs introduced by coercion
496e66696e69747978|double|a20700000000f07f|NAs introduced by coercion
496e66696e69747978|integer|00000080|NAs introduced by coercion
496e66696e69747978|complex|a20700000000f07fa20700000000f07f|NAs introduced by coercion
3165|double|a20700000000f07f|NAs introduced by coercion
3165|integer|00000080|NAs introduced by coercion
3165|complex|a20700000000f07fa20700000000f07f|NAs introduced by coercion
31652b|double|a20700000000f07f|NAs introduced by coercion
31652b|integer|00000080|NAs introduced by coercion
31652b|complex|a20700000000f07fa20700000000f07f|NAs introduced by coercion
31652d|double|a20700000000f07f|NAs introduced by coercion
31652d|integer|00000080|NAs introduced by coercion
31652d|complex|a20700000000f07fa20700000000f07f|NAs introduced by coercion
316a756e6b|double|a20700000000f07f|NAs introduced by coercion
316a756e6b|integer|00000080|NAs introduced by coercion
316a756e6b|complex|a20700000000f07fa20700000000f07f|NAs introduced by coercion
2e|double|a20700000000f07f|NAs introduced by coercion
2e|integer|00000080|NAs introduced by coercion
2e|complex|a20700000000f07fa20700000000f07f|NAs introduced by coercion
2b|double|a20700000000f07f|NAs introduced by coercion
2b|integer|00000080|NAs introduced by coercion
2b|complex|a20700000000f07fa20700000000f07f|NAs introduced by coercion
2d|double|a20700000000f07f|NAs introduced by coercion
2d|integer|00000080|NAs introduced by coercion
2d|complex|a20700000000f07fa20700000000f07f|NAs introduced by coercion
307831|double|000000000000f03f|
307831|integer|01000000|
307831|complex|000000000000f03f0000000000000000|
305866|double|0000000000002e40|
305866|integer|0f000000|
305866|complex|0000000000002e400000000000000000|
3078317033|double|0000000000002040|
3078317033|integer|08000000|
3078317033|complex|00000000000020400000000000000000|
3078312e38|double|000000000000f83f|
3078312e38|integer|01000000|
3078312e38|complex|000000000000f83f0000000000000000|
30782e38|double|000000000000e03f|
30782e38|integer|00000000|
30782e38|complex|000000000000e03f0000000000000000|
3078312e38702d31|double|000000000000e83f|
3078312e38702d31|integer|00000000|
3078312e38702d31|complex|000000000000e83f0000000000000000|
307831702d31303734|double|0000000000000000|
307831702d31303734|integer|00000000|
307831702d31303734|complex|00000000000000000000000000000000|
3078317031303234|double|000000000000f07f|
3078317031303234|integer|00000080|NAs introduced by coercion to integer range
3078317031303234|complex|000000000000f07f0000000000000000|
307830703939393939393939|double|0000000000000000|
307830703939393939393939|integer|00000000|
307830703939393939393939|complex|00000000000000000000000000000000|
307867|double|a20700000000f07f|NAs introduced by coercion
307867|integer|00000080|NAs introduced by coercion
307867|complex|a20700000000f07fa20700000000f07f|NAs introduced by coercion
30782e|double|0000000000000000|
30782e|integer|00000000|
30782e|complex|00000000000000000000000000000000|
30783170|double|a20700000000f07f|NAs introduced by coercion
30783170|integer|00000080|NAs introduced by coercion
30783170|complex|a20700000000f07fa20700000000f07f|NAs introduced by coercion
307831702b|double|a20700000000f07f|NAs introduced by coercion
307831702b|integer|00000080|NAs introduced by coercion
307831702b|complex|a20700000000f07fa20700000000f07f|NAs introduced by coercion
3078312e322e33|double|0000000000303240|
3078312e322e33|integer|12000000|
3078312e322e33|complex|00000000003032400000000000000000|
32313437343833363437|double|0000c0ffffffdf41|
32313437343833363437|integer|ffffff7f|
32313437343833363437|complex|0000c0ffffffdf410000000000000000|
32313437343833363438|double|000000000000e041|
32313437343833363438|integer|00000080|NAs introduced by coercion to integer range
32313437343833363438|complex|000000000000e0410000000000000000|
2d32313437343833363438|double|000000000000e0c1|
2d32313437343833363438|integer|00000080|NAs introduced by coercion to integer range
2d32313437343833363438|complex|000000000000e0c10000000000000000|
332e39|double|3333333333330f40|
332e39|integer|03000000|
332e39|complex|3333333333330f400000000000000000|
310b|double|000000000000f03f|
310b|integer|01000000|
310b|complex|000000000000f03f0000000000000000|
310c|double|000000000000f03f|
310c|integer|01000000|
310c|complex|000000000000f03f0000000000000000|
3369|double|a20700000000f07f|NAs introduced by coercion
3369|integer|00000080|NAs introduced by coercion
3369|complex|00000000000000000000000000000840|
312b3269|double|a20700000000f07f|NAs introduced by coercion
312b3269|integer|00000080|NAs introduced by coercion
312b3269|complex|000000000000f03f0000000000000040|
312d3269|double|a20700000000f07f|NAs introduced by coercion
312d3269|integer|00000080|NAs introduced by coercion
312d3269|complex|000000000000f03f00000000000000c0|
31652d322b33652b3269|double|a20700000000f07f|NAs introduced by coercion
31652d322b33652b3269|integer|00000080|NAs introduced by coercion
31652d322b33652b3269|complex|7b14ae47e17a843f0000000000c07240|
312b307831702d3369|double|a20700000000f07f|NAs introduced by coercion
312b307831702d3369|integer|00000080|NAs introduced by coercion
312b307831702d3369|complex|000000000000f03f000000000000c03f|
69|double|a20700000000f07f|NAs introduced by coercion
69|integer|00000080|NAs introduced by coercion
69|complex|0000000000000000a20700000000f87f|
2b69|double|a20700000000f07f|NAs introduced by coercion
2b69|integer|00000080|NAs introduced by coercion
2b69|complex|a20700000000f07fa20700000000f07f|NAs introduced by coercion
312b69|double|a20700000000f07f|NAs introduced by coercion
312b69|integer|00000080|NAs introduced by coercion
312b69|complex|a20700000000f07fa20700000000f07f|NAs introduced by coercion
