case	bits	decimal	hex
zero	0000000000000000	0	0x0p+0
negative_zero	8000000000000000	-0	-0x0p+0
one	3ff0000000000000	1	0x1p+0
fraction	3fb999999999999a	0.1	0x1.999999999999ap-4
pi	400921fb54442d18	3.141592653589793	0x1.921fb54442d18p+1
na	7ff00000000007a2	NA	NA
nan	7ff8000000000000	NaN	NaN
positive_inf	7ff0000000000000	Inf	Inf
negative_inf	fff0000000000000	-Inf	-Inf
smallest_subnormal	0000000000000001	4.940656458412465e-324	0x1p-1074
smallest_normal	0010000000000000	2.225073858507201e-308	0x1p-1022
maximum	7fefffffffffffff	1.797693134862316e+308	0x1.fffffffffffffp+1023
small_threshold	3f1a36e2eb1c432d	0.0001	0x1.a36e2eb1c432dp-14
small_scientific	3ee4f8b588e368f1	1e-05	0x1.4f8b588e368f1p-17
large_fixed	430c6bf526340000	1000000000000000	0x1.c6bf52634p+49
large_scientific	4341c37937e08000	1e+16	0x1.1c37937e08p+53
rounding_up	3f1a36e2eb1c432d	0.0001	0x1.a36e2eb1c432dp-14
rounding_down	3ff0000000000000	1	0x1p+0
tiny_negative	8000000000000001	-4.940656458412465e-324	-0x1p-1074
finite_1	0190d8a5afe2fe55	3.930504634045065e-301	0x1.0d8a5afe2fe55p-998
finite_2	8701f6c08189e076	-6.485657190749214e-275	-0x1.1f6c08189e076p-911
finite_3	0c73f7f58b5d0c21	1.115606408227012e-248	0x1.3f7f58b5d0c21p-824
finite_4	91dea984143ec5bd	-1.325397439930291e-222	-0x1.ea984143ec5bdp-738
finite_5	972efd617db8c0c7	-5.182164389081563e-197	-0x1.efd617db8c0c7p-653
finite_6	1cb232bea5d75d62	1.883611836753333e-170	0x1.232bea5d75d62p-564
finite_7	a22387dc0b50d38e	-3.128166962083918e-144	-0x1.387dc0b50d38ep-477
finite_8	2729a5338f56a0b9	4.965692555453938e-120	0x1.9a5338f56a0b9p-397
finite_9	acf25e64633e1e96	-3.522412494265227e-92	-0x1.25e64633e1e96p-304
finite_10	325475c3376e9607	3.035615800056456e-66	0x1.475c3376e9607p-218
finite_11	b7c218dabeaf79bb	-4.154887588630296e-40	-0x1.218dabeaf79bbp-131
finite_12	3d260bea5b6d6136	3.91625305626957e-14	0x1.60bea5b6d6136p-45
finite_13	42a37ffae547f5f0	10720195552250.97	0x1.37ffae547f5fp+43
finite_14	47ed1a3e9564de82	3.094710475335488e+38	0x1.d1a3e9564de82p+127
finite_15	4d546c12ac45bdef	3.360475722929966e+64	0x1.46c12ac45bdefp+214
finite_16	528c0d9f44821da4	4.464484456113699e+89	0x1.c0d9f44821da4p+297
finite_17	58102e97f230780a	1.594008752961911e+116	0x1.02e97f230780ap+386
finite_18	dd9069c454b176d3	-5.003684914740304e+142	-0x1.069c454b176d3p+474
finite_19	63118ef3706e14e9	1.656618742914908e+169	0x1.18ef3706e14e9p+562
finite_20	688ce00a1f58e1f3	4.215717681013469e+195	0x1.ce00a1f58e1f3p+649
finite_21	6df6c48789038c6a	5.143702650478559e+221	0x1.6c48789038c6ap+736
finite_22	735fa5eece41bebd	5.532037639802664e+247	0x1.fa5eece41bebdp+822
finite_23	78819e7e3bf2ee5e	2.978586048303699e+272	0x1.19e7e3bf2ee5ep+905
finite_24	fdfd2062e06a6ef1	-7.619459182024002e+298	-0x1.d2062e06a6ef1p+992
