# path	class	android_policy	owner	notes
# Scanner scope: declaration sites only (thread_local!, static mut, lazy_static!/static ref, and static OnceLock/LazyLock/Mutex/RwLock/Atomic* definitions).
# Scanner intentionally skips #[cfg(test)] modules and OnceLock<usize> singleton sentinels so non-Android tests and immutable leaked-box sentinels do not create extra Android audit noise.
crates/rmath/src/sexp/context.rs	process-panic-hook	allow-process	rport-t57	Only the Rust panic hook installation guard remains process-global; context and in-error stacks are session-owned.
crates/rmath/src/sexp/instance.rs	active-session	allow-session-dispatch	rport-dg0.2	Thread-local active instance pointer is the current C-shape compatibility dispatch.
crates/rmath/src/mainutils/connections/tests.rs	test-lock	allow-test	rport-tqz2	Loaded only by cfg(test) mod tests; standalone test module file is visible to the text scanner.
crates/rmath/src/mainutils/errors/render.rs	warning-context	sessionize	rport-eotc	Thread-local warning handler flag and raw mathlib call pointer; nested/same-thread session isolation still requires audit.
crates/rmath/src/mainutils/essentials/conditions.rs	condition-context	sessionize	rport-eotc	Thread-local handler classes and preserved raw condition pointer must move to session-owned state.
crates/rmath/src/mainutils/essentials/runtime/sys.rs	process-environment	platform-replace	rport-eotc	Process environ and environment mutation require an explicit host policy; this classification does not establish concurrent safety.
crates/rmath/src/mainutils/seq/sequence.rs	warning-once	sessionize	rport-eotc	Process AtomicBool implements a warning documented as once per session; move the flag into RInstance.
crates/rmath/src/mainutils/srcref.rs	statement-location	sessionize	rport-eotc	Thread-local current source location is cleared per statement but still needs nested-session ownership.
crates/rmath/src/sexp/memory.rs	arena-borrow-monitor	allow-session-dispatch	rport-tqz2	Thread-local set keyed by instance address rejects overlapping mutable arena borrows; RAII removes entries on unwind.
