case	index	type	input	output
additive	0	real	2.0e+01,1.9e+01,2.1e+01,2.3e+01,2.0e+01,2.4e+01,2.6e+01	2.0e+01,1.9e+01,2.1e+01,2.3e+01,2.0e+01,2.4e+01,2.6e+01
additive	1	integer	7	7
additive	2	real	2.9999999999999999e-01	2.9999999999999999e-01
additive	3	real	1.0000000000000001e-01	1.0000000000000001e-01
additive	4	real	2.0000000000000001e-01	2.0000000000000001e-01
additive	5	integer	2	2
additive	6	integer	1	1
additive	7	integer	3	3
additive	8	integer	1	1
additive	9	integer	1	1
additive	10	real	1.75e+01	1.75e+01
additive	11	real	-5e-01	-5e-01
additive	12	real	5.0e-01,1.5e+00,-2.5e-01	5.0e-01,1.5e+00,-2.5e-01
additive	13	real	3.75e+00	9.0248952152499882e+01
additive	14	real	-1.11e+02,-1.11e+02,-1.11e+02,-1.11e+02,-1.11e+02,-1.11e+02,-1.11e+02,-1.11e+02,-1.11e+02	1.7500000000000000e+01,1.7449999999999999e+01,1.7746499999999997e+01,1.9131654999999999e+01,1.9036813849999998e+01,1.9835810629499999e+01,2.1447622356265001e+01,-1.1100000000000000e+02,-1.1100000000000000e+02
additive	15	real	5.25e+00,5.25e+00,5.25e+00,5.25e+00,5.25e+00,5.25e+00,5.25e+00,5.25e+00,5.25e+00	-5.0000000000000000e-01,-4.5500000000000007e-01,-3.7985000000000024e-01,-2.0334950000000016e-01,-1.9249866500000021e-01,-9.3349120550000053e-02,7.7166964181500097e-02,5.2500000000000000e+00,5.2500000000000000e+00
additive	16	real	2.25e+00,2.25e+00,2.25e+00,2.25e+00,2.25e+00,2.25e+00,2.25e+00,2.25e+00,2.25e+00,2.25e+00,2.25e+00	5.0000000000000000e-01,1.5000000000000000e+00,-2.5000000000000000e-01,7.1000000000000019e-01,1.8507000000000007e+00,5.7366900000000032e-01,7.6063723000000061e-01,2.3133978741000010e+00,1.3694107287470001e+00,2.2500000000000000e+00,2.2500000000000000e+00
multiplicative	0	real	2.0e+01,1.9e+01,2.1e+01,2.3e+01,2.0e+01,2.4e+01,2.6e+01	2.0e+01,1.9e+01,2.1e+01,2.3e+01,2.0e+01,2.4e+01,2.6e+01
multiplicative	1	integer	7	7
multiplicative	2	real	2.9999999999999999e-01	2.9999999999999999e-01
multiplicative	3	real	1.0000000000000001e-01	1.0000000000000001e-01
multiplicative	4	real	2.0000000000000001e-01	2.0000000000000001e-01
multiplicative	5	integer	2	2
multiplicative	6	integer	2	2
multiplicative	7	integer	3	3
multiplicative	8	integer	1	1
multiplicative	9	integer	1	1
multiplicative	10	real	1.75e+01	1.75e+01
multiplicative	11	real	-5e-01	-5e-01
multiplicative	12	real	5.0e-01,1.5e+00,-2.5e-01	5.0e-01,1.5e+00,-2.5e-01
multiplicative	13	real	3.75e+00	3.4971499356752288e+03
multiplicative	14	real	-1.11e+02,-1.11e+02,-1.11e+02,-1.11e+02,-1.11e+02,-1.11e+02,-1.11e+02,-1.11e+02,-1.11e+02	1.7500000000000000e+01,2.3299999999999997e+01,2.0600999999999996e+01,-1.3286330000000003e+01,-1.1133832951219542e+00,2.9798087330523484e+00,-1.3140098304855247e+01,-1.1100000000000000e+02,-1.1100000000000000e+02
multiplicative	15	real	5.25e+00,5.25e+00,5.25e+00,5.25e+00,5.25e+00,5.25e+00,5.25e+00,5.25e+00,5.25e+00	-5.0000000000000000e-01,1.2999999999999973e-01,-1.5290000000000042e-01,-3.5263430000000002e+00,-1.9564140295121952e+00,-1.3514534237435456e+00,-2.8282987851599506e+00,5.2500000000000000e+00,5.2500000000000000e+00
multiplicative	16	real	2.25e+00,2.25e+00,2.25e+00,2.25e+00,2.25e+00,2.25e+00,2.25e+00,2.25e+00,2.25e+00,2.25e+00,2.25e+00	5.0000000000000000e-01,1.5000000000000000e+00,-2.5000000000000000e-01,5.6309012875536479e-01,1.4038735983690114e+00,-5.4622051386650783e-01,-3.1421810448605334e+00,2.7339405232470559e+00,-8.3271165441924810e-01,2.2500000000000000e+00,2.2500000000000000e+00
no_trend	0	real	2.0e+01,1.9e+01,2.1e+01,2.3e+01	2.0e+01,1.9e+01,2.1e+01,2.3e+01
no_trend	1	integer	4	4
no_trend	2	real	2.9999999999999999e-01	2.9999999999999999e-01
no_trend	3	real	1.0000000000000001e-01	1.0000000000000001e-01
no_trend	4	real	2.0000000000000001e-01	2.0000000000000001e-01
no_trend	5	integer	1	1
no_trend	6	integer	1	1
no_trend	7	integer	3	3
no_trend	8	integer	0	0
no_trend	9	integer	1	1
no_trend	10	real	1.75e+01	1.75e+01
no_trend	11	real	-5e-01	-5e-01
no_trend	12	real	5.0e-01,1.5e+00,-2.5e-01	5.0e-01,1.5e+00,-2.5e-01
no_trend	13	real	3.75e+00	5.0635581312499951e+01
no_trend	14	real	-1.11e+02,-1.11e+02,-1.11e+02,-1.11e+02,-1.11e+02,-1.11e+02,-1.11e+02	1.7500000000000000e+01,2.1774999999999999e+01,2.4167499999999997e+01,2.6967249999999996e+01,2.9438574999999993e+01,-1.1100000000000000e+02,-1.1100000000000000e+02
no_trend	15	real	5.25e+00,5.25e+00,5.25e+00,5.25e+00,5.25e+00,5.25e+00	5.25e+00,5.25e+00,5.25e+00,5.25e+00,5.25e+00,5.25e+00
no_trend	16	real	2.25e+00,2.25e+00,2.25e+00,2.25e+00,2.25e+00,2.25e+00,2.25e+00,2.25e+00,2.25e+00	5.0000000000000000e-01,1.5000000000000000e+00,-2.5000000000000000e-01,4.5000000000000290e-02,1.6650000000000076e-01,-1.3934499999999994e+00,-1.2517149999999984e+00,2.2500000000000000e+00,2.2500000000000000e+00
no_season	0	real	2.0e+01,1.9e+01,2.1e+01,2.3e+01	2.0e+01,1.9e+01,2.1e+01,2.3e+01
no_season	1	integer	4	4
no_season	2	real	2.9999999999999999e-01	2.9999999999999999e-01
no_season	3	real	1.0000000000000001e-01	1.0000000000000001e-01
no_season	4	real	2.0000000000000001e-01	2.0000000000000001e-01
no_season	5	integer	1	1
no_season	6	integer	2	2
no_season	7	integer	0	0
no_season	8	integer	1	1
no_season	9	integer	0	0
no_season	10	real	1.75e+01	1.75e+01
no_season	11	real	-5e-01	-5e-01
no_season	12	real		
no_season	13	real	3.75e+00	4.8428005993121054e+01
no_season	14	real	-1.11e+02,-1.11e+02,-1.11e+02,-1.11e+02,-1.11e+02,-1.11e+02,-1.11e+02	1.7500000000000000e+01,1.7899999999999999e+01,1.7942999999999998e+01,1.8604809999999997e+01,1.9739932699999997e+01,-1.1100000000000000e+02,-1.1100000000000000e+02
no_season	15	real	5.25e+00,5.25e+00,5.25e+00,5.25e+00,5.25e+00,5.25e+00,5.25e+00	-5.0000000000000000e-01,-4.1000000000000014e-01,-3.6470000000000025e-01,-2.6204900000000031e-01,-1.2233183000000025e-01,5.2500000000000000e+00,5.2500000000000000e+00
no_season	16	real	2.25e+00,2.25e+00,2.25e+00,2.25e+00,2.25e+00,2.25e+00	2.25e+00,2.25e+00,2.25e+00,2.25e+00,2.25e+00,2.25e+00
other_flags	0	real	2.0e+01,1.9e+01,2.1e+01,2.3e+01	2.0e+01,1.9e+01,2.1e+01,2.3e+01
other_flags	1	integer	4	4
other_flags	2	real	2.9999999999999999e-01	2.9999999999999999e-01
other_flags	3	real	1.0000000000000001e-01	1.0000000000000001e-01
other_flags	4	real	2.0000000000000001e-01	2.0000000000000001e-01
other_flags	5	integer	1	1
other_flags	6	integer	0	0
other_flags	7	integer	0	0
other_flags	8	integer	2	2
other_flags	9	integer	2	2
other_flags	10	real	1.75e+01	1.75e+01
other_flags	11	real	-5e-01	-5e-01
other_flags	12	real		
other_flags	13	real	3.75e+00	5.0737451812499941e+01
other_flags	14	real	-1.11e+02,-1.11e+02,-1.11e+02,-1.11e+02,-1.11e+02,-1.11e+02,-1.11e+02	1.7500000000000000e+01,2.1924999999999997e+01,2.4722499999999997e+01,2.7280749999999998e+01,2.9671524999999995e+01,-1.1100000000000000e+02,-1.1100000000000000e+02
other_flags	15	real	5.25e+00,5.25e+00,5.25e+00,5.25e+00,5.25e+00,5.25e+00	5.25e+00,5.25e+00,5.25e+00,5.25e+00,5.25e+00,5.25e+00
other_flags	16	real	2.25e+00,2.25e+00,2.25e+00,2.25e+00,2.25e+00,2.25e+00	2.25e+00,2.25e+00,2.25e+00,2.25e+00,2.25e+00,2.25e+00
zero_period	0	real	2.0e+01,1.9e+01,2.1e+01,2.3e+01	2.0e+01,1.9e+01,2.1e+01,2.3e+01
zero_period	1	integer	4	4
zero_period	2	real	2.9999999999999999e-01	2.9999999999999999e-01
zero_period	3	real	1.0000000000000001e-01	1.0000000000000001e-01
zero_period	4	real	2.0000000000000001e-01	2.0000000000000001e-01
zero_period	5	integer	1	1
zero_period	6	integer	1	1
zero_period	7	integer	0	0
zero_period	8	integer	1	1
zero_period	9	integer	1	1
zero_period	10	real	1.75e+01	1.75e+01
zero_period	11	real	-5e-01	-5e-01
zero_period	12	real		
zero_period	13	real	3.75e+00	2.7585767494645093e+01
zero_period	14	real	-1.11e+02,-1.11e+02,-1.11e+02,-1.11e+02,-1.11e+02,-1.11e+02,-1.11e+02	1.7500000000000000e+01,1.7224999999999998e+01,1.6748249999999999e+01,1.7014577499999998e+01,1.7853069424999997e+01,-1.1100000000000000e+02,-1.1100000000000000e+02
zero_period	15	real	5.25e+00,5.25e+00,5.25e+00,5.25e+00,5.25e+00,5.25e+00,5.25e+00	-5.0000000000000000e-01,-4.7750000000000020e-01,-4.7742500000000010e-01,-4.0304975000000015e-01,-2.7889558250000018e-01,5.2500000000000000e+00,5.2500000000000000e+00
zero_period	16	real	2.25e+00,2.25e+00,2.25e+00,2.25e+00,2.25e+00,2.25e+00	2.3550000000000004e+00,2.2503500000000005e+00,2.5970845000000007e+00,2.8293861150000006e+00,2.2500000000000000e+00,2.2500000000000000e+00
no_iterations	0	real	2.0e+01,1.9e+01,2.1e+01	2.0e+01,1.9e+01,2.1e+01
no_iterations	1	integer	3	3
no_iterations	2	real	2.9999999999999999e-01	2.9999999999999999e-01
no_iterations	3	real	1.0000000000000001e-01	1.0000000000000001e-01
no_iterations	4	real	2.0000000000000001e-01	2.0000000000000001e-01
no_iterations	5	integer	6	6
no_iterations	6	integer	1	1
no_iterations	7	integer	3	3
no_iterations	8	integer	1	1
no_iterations	9	integer	1	1
no_iterations	10	real	1.75e+01	1.75e+01
no_iterations	11	real	-5e-01	-5e-01
no_iterations	12	real	5.0e-01,1.5e+00,-2.5e-01	5.0e-01,1.5e+00,-2.5e-01
no_iterations	13	real	3.75e+00	3.75e+00
no_iterations	14	real	-1.11e+02,-1.11e+02,-1.11e+02	1.75e+01,-1.11e+02,-1.11e+02
no_iterations	15	real	5.25e+00,5.25e+00,5.25e+00	-5.00e-01,5.25e+00,5.25e+00
no_iterations	16	real	2.25e+00,2.25e+00,2.25e+00,2.25e+00,2.25e+00	5.00e-01,1.50e+00,-2.50e-01,2.25e+00,2.25e+00
empty	0	real		
empty	1	integer	0	0
empty	2	real	2.9999999999999999e-01	2.9999999999999999e-01
empty	3	real	1.0000000000000001e-01	1.0000000000000001e-01
empty	4	real	2.0000000000000001e-01	2.0000000000000001e-01
empty	5	integer	1	1
empty	6	integer	2	2
empty	7	integer	0	0
empty	8	integer	0	0
empty	9	integer	0	0
empty	10	real	1.75e+01	1.75e+01
empty	11	real	-5e-01	-5e-01
empty	12	real		
empty	13	real	3.75e+00	3.75e+00
empty	14	real	-1.11e+02,-1.11e+02,-1.11e+02	1.75e+01,-1.11e+02,-1.11e+02
empty	15	real	5.25e+00,5.25e+00	5.25e+00,5.25e+00
empty	16	real	2.25e+00,2.25e+00	2.25e+00,2.25e+00
boundary_coefficients	0	real	2.0e+01,1.9e+01,2.1e+01,2.3e+01	2.0e+01,1.9e+01,2.1e+01,2.3e+01
boundary_coefficients	1	integer	4	4
boundary_coefficients	2	real	1e+00	1e+00
boundary_coefficients	3	real	0e+00	0e+00
boundary_coefficients	4	real	0e+00	0e+00
boundary_coefficients	5	integer	1	1
boundary_coefficients	6	integer	1	1
boundary_coefficients	7	integer	2	2
boundary_coefficients	8	integer	1	1
boundary_coefficients	9	integer	1	1
boundary_coefficients	10	real	1.75e+01	1.75e+01
boundary_coefficients	11	real	-5e-01	-5e-01
boundary_coefficients	12	real	5.0e-01,1.5e+00	5.0e-01,1.5e+00
boundary_coefficients	13	real	3.75e+00	2.675e+01
boundary_coefficients	14	real	-1.11e+02,-1.11e+02,-1.11e+02,-1.11e+02,-1.11e+02,-1.11e+02,-1.11e+02	1.75e+01,1.95e+01,1.75e+01,2.05e+01,2.15e+01,-1.11e+02,-1.11e+02
boundary_coefficients	15	real	5.25e+00,5.25e+00,5.25e+00,5.25e+00,5.25e+00,5.25e+00,5.25e+00	-5.00e-01,-5.00e-01,-5.00e-01,-5.00e-01,-5.00e-01,5.25e+00,5.25e+00
boundary_coefficients	16	real	2.25e+00,2.25e+00,2.25e+00,2.25e+00,2.25e+00,2.25e+00,2.25e+00,2.25e+00	5.00e-01,1.50e+00,5.00e-01,1.50e+00,5.00e-01,1.50e+00,2.25e+00,2.25e+00
