case	argument	type	input	output
trained	0	integer	5,991	5,991
trained	1	double	-2.0000000000000000e+00,-2.0000000000000001e-01,0.0000000000000000e+00,6.9999999999999996e-01,2.0000000000000000e+00,9.0125000000000000e+02	-2.0000000000000000e+00,-2.0000000000000001e-01,0.0000000000000000e+00,6.9999999999999996e-01,2.0000000000000000e+00,9.0125000000000000e+02
trained	2	double	1.0000000000000000e+00,1.0000000000000000e+00,1.0000000000000000e+00,2.4000000000000000e+01,1.0000000000000000e+00,1.2499999999999994e-01,7.6403287618202909e-01,1.0000000000000000e+00,9.9910704288213903e-01,-4.6469772688248734e-01,-7.0626676935860344e-01,-9.4783581183471977e-01,-1.1532435587621657e+00,-1.2999641943995524e+00,-1.3695533905483332e+00,-1.3529508657862148e+00,-1.2502826866526409e+00,-1.0674987992859912e+00,-8.1597040923573483e-01,-5.1172051619200987e-01,-1.7433967170929854e-01,1.7433967170929771e-01,5.1172051619200842e-01,8.1597040923573361e-01,1.0674987992859897e+00,1.2502826866526395e+00,1.3529508657862128e+00,1.3695533905483310e+00,1.2999641943995495e+00,1.1532435587621641e+00,9.4783581183472032e-01,7.0626676935860944e-01,4.6469772688249911e-01,-1.0000000000000000e+00,-9.1304347826086962e-01,-8.2608695652173914e-01,-7.3913043478260865e-01,-6.5217391304347827e-01,-5.6521739130434789e-01,-4.7826086956521741e-01,-3.9130434782608692e-01,-3.0434782608695654e-01,-2.1739130434782616e-01,-1.3043478260869568e-01,-4.3478260869565188e-02,4.3478260869565188e-02,1.3043478260869557e-01,2.1739130434782616e-01,3.0434782608695654e-01,3.9130434782608692e-01,4.7826086956521729e-01,5.6521739130434767e-01,6.5217391304347827e-01,7.3913043478260865e-01,8.2608695652173902e-01,9.1304347826086962e-01,1.0000000000000000e+00,9.0250000000000000e+02	1.0000000000000000e+00,1.0000000000000000e+00,1.0000000000000000e+00,2.4000000000000000e+01,1.0000000000000000e+00,1.2499999999999994e-01,7.6403287618202909e-01,1.0000000000000000e+00,9.9910704288213903e-01,-4.6469772688248734e-01,-7.0626676935860344e-01,-9.4783581183471977e-01,-1.1532435587621657e+00,-1.2999641943995524e+00,-1.3695533905483332e+00,-1.3529508657862148e+00,-1.2502826866526409e+00,-1.0674987992859912e+00,-8.1597040923573483e-01,-5.1172051619200987e-01,-1.7433967170929854e-01,1.7433967170929771e-01,5.1172051619200842e-01,8.1597040923573361e-01,1.0674987992859897e+00,1.2502826866526395e+00,1.3529508657862128e+00,1.3695533905483310e+00,1.2999641943995495e+00,1.1532435587621641e+00,9.4783581183472032e-01,7.0626676935860944e-01,4.6469772688249911e-01,-1.0000000000000000e+00,-9.1304347826086962e-01,-8.2608695652173914e-01,-7.3913043478260865e-01,-6.5217391304347827e-01,-5.6521739130434789e-01,-4.7826086956521741e-01,-3.9130434782608692e-01,-3.0434782608695654e-01,-2.1739130434782616e-01,-1.3043478260869568e-01,-4.3478260869565188e-02,4.3478260869565188e-02,1.3043478260869557e-01,2.1739130434782616e-01,3.0434782608695654e-01,3.9130434782608692e-01,4.7826086956521729e-01,5.6521739130434767e-01,6.5217391304347827e-01,7.3913043478260865e-01,8.2608695652173902e-01,9.1304347826086962e-01,1.0000000000000000e+00,9.0250000000000000e+02
trained	3	double	3.5e+00,3.5e+00,3.5e+00,3.5e+00,3.5e+00,3.5e+00	-2.2972730145398168e-01,-4.5142165462285000e-01,1.2499999999999963e-01,1.0557288745239104e+00,4.7972730145399056e-01,3.5000000000000000e+00
trained	4	double	7.75e+00,7.75e+00,7.75e+00,7.75e+00,7.75e+00,7.75e+00,7.75e+00,7.75e+00,7.75e+00,7.75e+00,7.75e+00,7.75e+00,7.75e+00,7.75e+00,7.75e+00,7.75e+00,7.75e+00,7.75e+00,7.75e+00,7.75e+00,7.75e+00,7.75e+00,7.75e+00,7.75e+00,7.75e+00,7.75e+00,7.75e+00,7.75e+00,7.75e+00,7.75e+00,7.75e+00,7.75e+00,7.75e+00,7.75e+00,7.75e+00,7.75e+00,7.75e+00,7.75e+00,7.75e+00,7.75e+00,7.75e+00,7.75e+00,7.75e+00,7.75e+00,7.75e+00,7.75e+00,7.75e+00,7.75e+00,7.75e+00	1.1000000000000001e+00,2.1000000000000001e+00,3.0000000000000000e+00,4.0999999999999996e+00,5.0999999999999996e+00,6.0000000000000000e+00,7.0999999999999996e+00,8.0999999999999996e+00,9.0999999999999996e+00,1.0100000000000000e+01,1.1100000000000000e+01,1.2000000000000000e+01,1.3100000000000000e+01,1.4100000000000000e+01,1.5100000000000000e+01,1.6100000000000001e+01,1.7100000000000001e+01,1.8000000000000000e+01,1.9100000000000001e+01,2.0100000000000001e+01,2.1100000000000001e+01,2.2100000000000001e+01,2.3100000000000001e+01,2.4100000000000001e+01,-4.6469772688248734e-01,-7.0626676935860344e-01,-9.4783581183471977e-01,-1.1532435587621657e+00,-1.2999641943995524e+00,-1.3695533905483332e+00,-1.3529508657862148e+00,-1.2502826866526409e+00,-1.0674987992859912e+00,-8.1597040923573483e-01,-5.1172051619200987e-01,-1.7433967170929854e-01,1.7433967170929771e-01,5.1172051619200842e-01,8.1597040923573361e-01,1.0674987992859897e+00,1.2502826866526395e+00,1.3529508657862128e+00,1.3695533905483310e+00,1.2999641943995495e+00,1.1532435587621641e+00,9.4783581183472032e-01,7.0626676935860944e-01,4.6469772688249911e-01,7.7500000000000000e+00
zero-observations	0	integer	0,991	0,991
zero-observations	1	double	9.0125e+02	9.0125e+02
zero-observations	2	double	1.0000000000000000e+00,1.0000000000000000e+00,1.0000000000000000e+00,2.4000000000000000e+01,1.0000000000000000e+00,1.2499999999999994e-01,7.6403287618202909e-01,1.0000000000000000e+00,9.9910704288213903e-01,-4.6469772688248734e-01,-7.0626676935860344e-01,-9.4783581183471977e-01,-1.1532435587621657e+00,-1.2999641943995524e+00,-1.3695533905483332e+00,-1.3529508657862148e+00,-1.2502826866526409e+00,-1.0674987992859912e+00,-8.1597040923573483e-01,-5.1172051619200987e-01,-1.7433967170929854e-01,1.7433967170929771e-01,5.1172051619200842e-01,8.1597040923573361e-01,1.0674987992859897e+00,1.2502826866526395e+00,1.3529508657862128e+00,1.3695533905483310e+00,1.2999641943995495e+00,1.1532435587621641e+00,9.4783581183472032e-01,7.0626676935860944e-01,4.6469772688249911e-01,-1.0000000000000000e+00,-9.1304347826086962e-01,-8.2608695652173914e-01,-7.3913043478260865e-01,-6.5217391304347827e-01,-5.6521739130434789e-01,-4.7826086956521741e-01,-3.9130434782608692e-01,-3.0434782608695654e-01,-2.1739130434782616e-01,-1.3043478260869568e-01,-4.3478260869565188e-02,4.3478260869565188e-02,1.3043478260869557e-01,2.1739130434782616e-01,3.0434782608695654e-01,3.9130434782608692e-01,4.7826086956521729e-01,5.6521739130434767e-01,6.5217391304347827e-01,7.3913043478260865e-01,8.2608695652173902e-01,9.1304347826086962e-01,1.0000000000000000e+00,9.0250000000000000e+02	1.0000000000000000e+00,1.0000000000000000e+00,1.0000000000000000e+00,2.4000000000000000e+01,1.0000000000000000e+00,1.2499999999999994e-01,7.6403287618202909e-01,1.0000000000000000e+00,9.9910704288213903e-01,-4.6469772688248734e-01,-7.0626676935860344e-01,-9.4783581183471977e-01,-1.1532435587621657e+00,-1.2999641943995524e+00,-1.3695533905483332e+00,-1.3529508657862148e+00,-1.2502826866526409e+00,-1.0674987992859912e+00,-8.1597040923573483e-01,-5.1172051619200987e-01,-1.7433967170929854e-01,1.7433967170929771e-01,5.1172051619200842e-01,8.1597040923573361e-01,1.0674987992859897e+00,1.2502826866526395e+00,1.3529508657862128e+00,1.3695533905483310e+00,1.2999641943995495e+00,1.1532435587621641e+00,9.4783581183472032e-01,7.0626676935860944e-01,4.6469772688249911e-01,-1.0000000000000000e+00,-9.1304347826086962e-01,-8.2608695652173914e-01,-7.3913043478260865e-01,-6.5217391304347827e-01,-5.6521739130434789e-01,-4.7826086956521741e-01,-3.9130434782608692e-01,-3.0434782608695654e-01,-2.1739130434782616e-01,-1.3043478260869568e-01,-4.3478260869565188e-02,4.3478260869565188e-02,1.3043478260869557e-01,2.1739130434782616e-01,3.0434782608695654e-01,3.9130434782608692e-01,4.7826086956521729e-01,5.6521739130434767e-01,6.5217391304347827e-01,7.3913043478260865e-01,8.2608695652173902e-01,9.1304347826086962e-01,1.0000000000000000e+00,9.0250000000000000e+02
zero-observations	3	double	3.5e+00	3.5e+00
zero-observations	4	double	7.75e+00,7.75e+00,7.75e+00,7.75e+00,7.75e+00,7.75e+00,7.75e+00,7.75e+00,7.75e+00,7.75e+00,7.75e+00,7.75e+00,7.75e+00,7.75e+00,7.75e+00,7.75e+00,7.75e+00,7.75e+00,7.75e+00,7.75e+00,7.75e+00,7.75e+00,7.75e+00,7.75e+00,7.75e+00,7.75e+00,7.75e+00,7.75e+00,7.75e+00,7.75e+00,7.75e+00,7.75e+00,7.75e+00,7.75e+00,7.75e+00,7.75e+00,7.75e+00,7.75e+00,7.75e+00,7.75e+00,7.75e+00,7.75e+00,7.75e+00,7.75e+00,7.75e+00,7.75e+00,7.75e+00,7.75e+00,7.75e+00	1.1000000000000001e+00,2.1000000000000001e+00,3.0000000000000000e+00,4.0999999999999996e+00,5.0999999999999996e+00,6.0000000000000000e+00,7.0999999999999996e+00,8.0999999999999996e+00,9.0999999999999996e+00,1.0100000000000000e+01,1.1100000000000000e+01,1.2000000000000000e+01,1.3100000000000000e+01,1.4100000000000000e+01,1.5100000000000000e+01,1.6100000000000001e+01,1.7100000000000001e+01,1.8000000000000000e+01,1.9100000000000001e+01,2.0100000000000001e+01,2.1100000000000001e+01,2.2100000000000001e+01,2.3100000000000001e+01,2.4100000000000001e+01,-4.6469772688248734e-01,-7.0626676935860344e-01,-9.4783581183471977e-01,-1.1532435587621657e+00,-1.2999641943995524e+00,-1.3695533905483332e+00,-1.3529508657862148e+00,-1.2502826866526409e+00,-1.0674987992859912e+00,-8.1597040923573483e-01,-5.1172051619200987e-01,-1.7433967170929854e-01,1.7433967170929771e-01,5.1172051619200842e-01,8.1597040923573361e-01,1.0674987992859897e+00,1.2502826866526395e+00,1.3529508657862128e+00,1.3695533905483310e+00,1.2999641943995495e+00,1.1532435587621641e+00,9.4783581183472032e-01,7.0626676935860944e-01,4.6469772688249911e-01,7.7500000000000000e+00
shared-model-workspace	0	integer	5,991	5,991
shared-model-workspace	1	double	-2.0000000000000000e+00,-2.0000000000000001e-01,0.0000000000000000e+00,6.9999999999999996e-01,2.0000000000000000e+00,9.0125000000000000e+02	-2.0000000000000000e+00,-2.0000000000000001e-01,0.0000000000000000e+00,6.9999999999999996e-01,2.0000000000000000e+00,9.0125000000000000e+02
shared-model-workspace	2	double	1.0000000000000000e+00,1.0000000000000000e+00,1.0000000000000000e+00,2.4000000000000000e+01,1.0000000000000000e+00,1.2499999999999994e-01,7.6403287618202909e-01,1.0000000000000000e+00,9.9910704288213903e-01,-4.6469772688248734e-01,-7.0626676935860344e-01,-9.4783581183471977e-01,-1.1532435587621657e+00,-1.2999641943995524e+00,-1.3695533905483332e+00,-1.3529508657862148e+00,-1.2502826866526409e+00,-1.0674987992859912e+00,-8.1597040923573483e-01,-5.1172051619200987e-01,-1.7433967170929854e-01,1.7433967170929771e-01,5.1172051619200842e-01,8.1597040923573361e-01,1.0674987992859897e+00,1.2502826866526395e+00,1.3529508657862128e+00,1.3695533905483310e+00,1.2999641943995495e+00,1.1532435587621641e+00,9.4783581183472032e-01,7.0626676935860944e-01,4.6469772688249911e-01,-1.0000000000000000e+00,-9.1304347826086962e-01,-8.2608695652173914e-01,-7.3913043478260865e-01,-6.5217391304347827e-01,-5.6521739130434789e-01,-4.7826086956521741e-01,-3.9130434782608692e-01,-3.0434782608695654e-01,-2.1739130434782616e-01,-1.3043478260869568e-01,-4.3478260869565188e-02,4.3478260869565188e-02,1.3043478260869557e-01,2.1739130434782616e-01,3.0434782608695654e-01,3.9130434782608692e-01,4.7826086956521729e-01,5.6521739130434767e-01,6.5217391304347827e-01,7.3913043478260865e-01,8.2608695652173902e-01,9.1304347826086962e-01,1.0000000000000000e+00,9.0250000000000000e+02	1.0000000000000000e+00,1.0000000000000000e+00,1.0000000000000000e+00,2.4000000000000000e+01,1.0000000000000000e+00,1.2499999999999994e-01,7.6403287618202909e-01,1.0000000000000000e+00,9.9910704288213903e-01,-4.6469772688248734e-01,-7.0626676935860344e-01,-9.4783581183471977e-01,-1.1532435587621657e+00,-1.2999641943995524e+00,-1.3695533905483332e+00,-1.3529508657862148e+00,-1.2502826866526409e+00,-1.0674987992859912e+00,-8.1597040923573483e-01,-5.1172051619200987e-01,-1.7433967170929854e-01,1.7433967170929771e-01,5.1172051619200842e-01,8.1597040923573361e-01,1.0674987992859897e+00,1.2502826866526395e+00,1.3529508657862128e+00,1.3695533905483310e+00,1.2999641943995495e+00,1.1532435587621641e+00,9.4783581183472032e-01,7.0626676935860944e-01,4.6469772688249911e-01,-1.0000000000000000e+00,-9.1304347826086962e-01,-8.2608695652173914e-01,-7.3913043478260865e-01,-6.5217391304347827e-01,-5.6521739130434789e-01,-4.7826086956521741e-01,-3.9130434782608692e-01,-3.0434782608695654e-01,-2.1739130434782616e-01,-1.3043478260869568e-01,-4.3478260869565188e-02,4.3478260869565188e-02,1.3043478260869557e-01,2.1739130434782616e-01,3.0434782608695654e-01,3.9130434782608692e-01,4.7826086956521729e-01,5.6521739130434767e-01,6.5217391304347827e-01,7.3913043478260865e-01,8.2608695652173902e-01,9.1304347826086962e-01,1.0000000000000000e+00,9.0250000000000000e+02
shared-model-workspace	3	double	3.5e+00,3.5e+00,3.5e+00,3.5e+00,3.5e+00,3.5e+00	-2.2972730145398168e-01,-4.5142165462285000e-01,1.2499999999999963e-01,1.0557288745239104e+00,4.7972730145399056e-01,3.5000000000000000e+00
shared-model-workspace	4	double	1.0000000000000000e+00,1.0000000000000000e+00,1.0000000000000000e+00,2.4000000000000000e+01,1.0000000000000000e+00,1.2499999999999994e-01,7.6403287618202909e-01,1.0000000000000000e+00,9.9910704288213903e-01,-4.6469772688248734e-01,-7.0626676935860344e-01,-9.4783581183471977e-01,-1.1532435587621657e+00,-1.2999641943995524e+00,-1.3695533905483332e+00,-1.3529508657862148e+00,-1.2502826866526409e+00,-1.0674987992859912e+00,-8.1597040923573483e-01,-5.1172051619200987e-01,-1.7433967170929854e-01,1.7433967170929771e-01,5.1172051619200842e-01,8.1597040923573361e-01,1.0674987992859897e+00,1.2502826866526395e+00,1.3529508657862128e+00,1.3695533905483310e+00,1.2999641943995495e+00,1.1532435587621641e+00,9.4783581183472032e-01,7.0626676935860944e-01,4.6469772688249911e-01,-1.0000000000000000e+00,-9.1304347826086962e-01,-8.2608695652173914e-01,-7.3913043478260865e-01,-6.5217391304347827e-01,-5.6521739130434789e-01,-4.7826086956521741e-01,-3.9130434782608692e-01,-3.0434782608695654e-01,-2.1739130434782616e-01,-1.3043478260869568e-01,-4.3478260869565188e-02,4.3478260869565188e-02,1.3043478260869557e-01,2.1739130434782616e-01,3.0434782608695654e-01,3.9130434782608692e-01,4.7826086956521729e-01,5.6521739130434767e-01,6.5217391304347827e-01,7.3913043478260865e-01,8.2608695652173902e-01,9.1304347826086962e-01,1.0000000000000000e+00,9.0250000000000000e+02	1.1000000000000001e+00,2.1000000000000001e+00,3.0000000000000000e+00,4.0999999999999996e+00,5.0999999999999996e+00,6.0000000000000000e+00,7.0999999999999996e+00,8.0999999999999996e+00,9.0999999999999996e+00,1.0100000000000000e+01,1.1100000000000000e+01,1.2000000000000000e+01,1.3100000000000000e+01,1.4100000000000000e+01,1.5100000000000000e+01,1.6100000000000001e+01,1.7100000000000001e+01,1.8000000000000000e+01,1.9100000000000001e+01,2.0100000000000001e+01,2.1100000000000001e+01,2.2100000000000001e+01,2.3100000000000001e+01,2.4100000000000001e+01,-4.6469772688248734e-01,-7.0626676935860344e-01,-9.4783581183471977e-01,-1.1532435587621657e+00,-1.2999641943995524e+00,-1.3695533905483332e+00,-1.3529508657862148e+00,-1.2502826866526409e+00,-1.0674987992859912e+00,-8.1597040923573483e-01,-5.1172051619200987e-01,-1.7433967170929854e-01,1.7433967170929771e-01,5.1172051619200842e-01,8.1597040923573361e-01,1.0674987992859897e+00,1.2502826866526395e+00,1.3529508657862128e+00,1.3695533905483310e+00,1.2999641943995495e+00,1.1532435587621641e+00,9.4783581183472032e-01,7.0626676935860944e-01,4.6469772688249911e-01,3.0434782608695654e-01,3.9130434782608692e-01,4.7826086956521729e-01,5.6521739130434767e-01,6.5217391304347827e-01,7.3913043478260865e-01,8.2608695652173902e-01,9.1304347826086962e-01,1.0000000000000000e+00,9.0250000000000000e+02
multi-response	0	integer	5,991	5,991
multi-response	1	double	-2.0000000000000000e+00,-2.0000000000000001e-01,0.0000000000000000e+00,6.9999999999999996e-01,2.0000000000000000e+00,-6.5364362086361194e-01,9.2106099400288510e-01,1.0000000000000000e+00,1.6996714290024104e-01,-6.5364362086361194e-01,9.0125000000000000e+02	-2.0000000000000000e+00,-2.0000000000000001e-01,0.0000000000000000e+00,6.9999999999999996e-01,2.0000000000000000e+00,-6.5364362086361194e-01,9.2106099400288510e-01,1.0000000000000000e+00,1.6996714290024104e-01,-6.5364362086361194e-01,9.0125000000000000e+02
multi-response	2	double	2.0000000000000000e+00,2.0000000000000000e+00,2.0000000000000000e+00,2.4000000000000000e+01,2.0000000000000000e+00,1.2499999999999994e-01,3.5743725925058978e-03,1.0401591581214811e+00,7.8161637740935186e-01,6.2375943966042025e-01,-3.9647704936323719e-01,9.1804463362530542e-01,6.6933732574786964e-01,2.7228027057865445e-01,-2.9478408383653915e-01,6.2046363881477229e-01,-1.0768862941325106e+00,-1.1812055153169272e+00,-1.2884404307187287e+00,-1.3564113864784477e+00,-1.3601377313657701e+00,-1.2828003806862525e+00,-1.1210788238566476e+00,-9.0940942841385874e-01,-6.5795937845955832e-01,-3.8492143490785374e-01,-1.0311633001952575e-01,3.2959114936858513e-01,7.7038941690570251e-01,1.0940758835435422e+00,1.3052083619456594e+00,1.4025606796835273e+00,1.3923230690650124e+00,1.2894016904254091e+00,1.1155407894829954e+00,8.9546673410324074e-01,6.3656707761055065e-01,3.6508131654944692e-01,1.3479549553381934e-01,-8.6345298614102350e-03,-1.0460329171646179e+00,-8.7737630869249394e-01,-6.2535176519731117e-01,-3.1362747561318072e-01,2.2612150832668380e-02,3.6546440916029443e-01,6.7969207957681588e-01,9.5378687742392509e-01,1.1745826383543978e+00,1.3199939595107690e+00,1.3817297490819687e+00,1.3603481324025961e+00,1.2498125087970842e+00,1.0464275500091513e+00,7.6247664615607746e-01,4.1237818868092824e-01,1.4461483419342783e-02,-4.0877391226555232e-01,-7.9782196118969229e-01,-1.0800063317939670e+00,-1.2357110245953009e+00,-1.3534794598358348e+00,-1.4542471941023527e+00,-1.5513380229557145e+00,-1.0411918949904539e+00,-8.7116560493443451e-01,-6.9638712573157135e-01,-5.2007892670458811e-01,-3.4550962819572323e-01,-1.7589538863197998e-01,-1.4302874344837293e-02,1.3644326049484795e-01,2.7384559253434038e-01,3.9580927547699218e-01,5.0070524073558631e-01,5.8741934576327426e-01,6.5538598727713093e-01,7.0460516527715622e-01,7.3564248304627577e-01,7.4961208313133720e-01,7.4814303411955796e-01,7.3333018230758629e-01,7.0767095104815703e-01,6.7398999451212704e-01,6.3535397903097535e-01,5.9497906303170567e-01,5.5613386685655586e-01,5.2204085982824977e-01,1.4435679270985978e-02,1.3017006696068931e-01,2.5289869227925699e-01,3.7787874817536948e-01,5.0029950286084890e-01,6.1542743761507002e-01,7.1874905510279996e-01,8.0610704973710579e-01,8.7382573188334678e-01,9.1882192190747281e-01,9.3869796844068620e-01,9.3181408453758308e-01,8.9733781937556245e-01,8.3526917295462433e-01,7.4644059609736968e-01,6.3249187574920240e-01,4.9582066327892022e-01,3.3951013832057336e-01,1.6723599050880231e-01,-1.6844474569460473e-02,-2.0821775957898112e-01,-4.0215034579913461e-01,-5.9383150144174379e-01,-7.7851841945548839e-01,9.0250000000000000e+02	2.0000000000000000e+00,2.0000000000000000e+00,2.0000000000000000e+00,2.4000000000000000e+01,2.0000000000000000e+00,1.2499999999999994e-01,3.5743725925058978e-03,1.0401591581214811e+00,7.8161637740935186e-01,6.2375943966042025e-01,-3.9647704936323719e-01,9.1804463362530542e-01,6.6933732574786964e-01,2.7228027057865445e-01,-2.9478408383653915e-01,6.2046363881477229e-01,-1.0768862941325106e+00,-1.1812055153169272e+00,-1.2884404307187287e+00,-1.3564113864784477e+00,-1.3601377313657701e+00,-1.2828003806862525e+00,-1.1210788238566476e+00,-9.0940942841385874e-01,-6.5795937845955832e-01,-3.8492143490785374e-01,-1.0311633001952575e-01,-8.6345298614102350e-03,1.3479549553381934e-01,3.2959114936858513e-01,3.6508131654944692e-01,6.3656707761055065e-01,7.7038941690570251e-01,8.9546673410324074e-01,1.0940758835435422e+00,1.1155407894829954e+00,1.2894016904254091e+00,1.3052083619456594e+00,1.3923230690650124e+00,1.4025606796835273e+00,-1.5513380229557145e+00,-1.4542471941023527e+00,-1.3534794598358348e+00,-1.2357110245953009e+00,-1.0800063317939670e+00,-1.0460329171646179e+00,-8.7737630869249394e-01,-7.9782196118969229e-01,-6.2535176519731117e-01,-4.0877391226555232e-01,-3.1362747561318072e-01,1.4461483419342783e-02,2.2612150832668380e-02,3.6546440916029443e-01,4.1237818868092824e-01,6.7969207957681588e-01,7.6247664615607746e-01,9.5378687742392509e-01,1.0464275500091513e+00,1.1745826383543978e+00,1.2498125087970842e+00,1.3199939595107690e+00,1.3603481324025961e+00,1.3817297490819687e+00,-1.0411918949904539e+00,-8.7116560493443451e-01,-6.9638712573157135e-01,-5.2007892670458811e-01,-3.4550962819572323e-01,-1.7589538863197998e-01,-1.4302874344837293e-02,1.3644326049484795e-01,2.7384559253434038e-01,3.9580927547699218e-01,5.0070524073558631e-01,5.2204085982824977e-01,5.5613386685655586e-01,5.8741934576327426e-01,5.9497906303170567e-01,6.3535397903097535e-01,6.5538598727713093e-01,6.7398999451212704e-01,7.0460516527715622e-01,7.0767095104815703e-01,7.3333018230758629e-01,7.3564248304627577e-01,7.4814303411955796e-01,7.4961208313133720e-01,-7.7851841945548839e-01,-5.9383150144174379e-01,-4.0215034579913461e-01,-2.0821775957898112e-01,-1.6844474569460473e-02,1.4435679270985978e-02,1.3017006696068931e-01,1.6723599050880231e-01,2.5289869227925699e-01,3.3951013832057336e-01,3.7787874817536948e-01,4.9582066327892022e-01,5.0029950286084890e-01,6.1542743761507002e-01,6.3249187574920240e-01,7.1874905510279996e-01,7.4644059609736968e-01,8.0610704973710579e-01,8.3526917295462433e-01,8.7382573188334678e-01,8.9733781937556245e-01,9.1882192190747281e-01,9.3181408453758308e-01,9.3869796844068620e-01,9.0250000000000000e+02
multi-response	3	double	3.5e+00,3.5e+00,3.5e+00,3.5e+00,3.5e+00,3.5e+00,3.5e+00,3.5e+00,3.5e+00,3.5e+00,3.5e+00	-3.9594804932514371e-01,-5.1161477361077023e-01,1.0994869167425955e-01,1.0082211749638867e+00,1.5771620112628932e+00,-7.8299327682869646e-01,7.7561687056743311e-01,1.0120395273463045e+00,-5.3443785406559852e-01,-6.0040364676340996e-01,3.5000000000000000e+00
multi-response	4	double	7.75e+00,7.75e+00,7.75e+00,7.75e+00,7.75e+00,7.75e+00,7.75e+00,7.75e+00,7.75e+00,7.75e+00,7.75e+00,7.75e+00,7.75e+00,7.75e+00,7.75e+00,7.75e+00,7.75e+00,7.75e+00,7.75e+00,7.75e+00,7.75e+00,7.75e+00,7.75e+00,7.75e+00,7.75e+00,7.75e+00,7.75e+00,7.75e+00,7.75e+00,7.75e+00,7.75e+00,7.75e+00,7.75e+00,7.75e+00,7.75e+00,7.75e+00,7.75e+00,7.75e+00,7.75e+00,7.75e+00,7.75e+00,7.75e+00,7.75e+00,7.75e+00,7.75e+00,7.75e+00,7.75e+00,7.75e+00,7.75e+00	2.4000000000000000e+01,2.3000000000000000e+01,2.2000000000000000e+01,2.1000000000000000e+01,2.0000000000000000e+01,1.0000000000000000e+00,2.0000000000000000e+00,1.9000000000000000e+01,3.0000000000000000e+00,1.8000000000000000e+01,4.0000000000000000e+00,1.7000000000000000e+01,5.0000000000000000e+00,6.0000000000000000e+00,1.6000000000000000e+01,7.0999999999999996e+00,1.5100000000000000e+01,8.0000000000000000e+00,1.4100000000000000e+01,9.0000000000000000e+00,1.3100000000000000e+01,1.0000000000000000e+01,1.2000000000000000e+01,1.1100000000000000e+01,-1.0460329171646179e+00,-8.7737630869249394e-01,-6.2535176519731117e-01,-3.1362747561318072e-01,2.2612150832668380e-02,3.6546440916029443e-01,6.7969207957681588e-01,9.5378687742392509e-01,1.1745826383543978e+00,1.3199939595107690e+00,1.3817297490819687e+00,1.3603481324025961e+00,1.2498125087970842e+00,1.0464275500091513e+00,7.6247664615607746e-01,4.1237818868092824e-01,1.4461483419342783e-02,-4.0877391226555232e-01,-7.9782196118969229e-01,-1.0800063317939670e+00,-1.2357110245953009e+00,-1.3534794598358348e+00,-1.4542471941023527e+00,-1.5513380229557145e+00,7.7500000000000000e+00
zero-terms-full	0	integer	5,991	5,991
zero-terms-full	1	double	-2.0000000000000000e+00,-2.0000000000000001e-01,0.0000000000000000e+00,6.9999999999999996e-01,2.0000000000000000e+00,9.0125000000000000e+02	-2.0000000000000000e+00,-2.0000000000000001e-01,0.0000000000000000e+00,6.9999999999999996e-01,2.0000000000000000e+00,9.0125000000000000e+02
zero-terms-full	2	double	1.000e+00,1.000e+00,1.000e+00,2.400e+01,0.000e+00,3.000e+00,0.000e+00,0.000e+00,0.000e+00,0.000e+00,0.000e+00,0.000e+00,0.000e+00,0.000e+00,0.000e+00,0.000e+00,0.000e+00,0.000e+00,0.000e+00,0.000e+00,0.000e+00,0.000e+00,0.000e+00,0.000e+00,0.000e+00,0.000e+00,0.000e+00,0.000e+00,0.000e+00,0.000e+00,0.000e+00,0.000e+00,0.000e+00,0.000e+00,0.000e+00,0.000e+00,0.000e+00,0.000e+00,0.000e+00,0.000e+00,0.000e+00,0.000e+00,0.000e+00,0.000e+00,0.000e+00,0.000e+00,0.000e+00,0.000e+00,0.000e+00,0.000e+00,0.000e+00,0.000e+00,0.000e+00,0.000e+00,0.000e+00,0.000e+00,0.000e+00,9.025e+02	1.000e+00,1.000e+00,1.000e+00,2.400e+01,0.000e+00,3.000e+00,0.000e+00,0.000e+00,0.000e+00,0.000e+00,0.000e+00,0.000e+00,0.000e+00,0.000e+00,0.000e+00,0.000e+00,0.000e+00,0.000e+00,0.000e+00,0.000e+00,0.000e+00,0.000e+00,0.000e+00,0.000e+00,0.000e+00,0.000e+00,0.000e+00,0.000e+00,0.000e+00,0.000e+00,0.000e+00,0.000e+00,0.000e+00,0.000e+00,0.000e+00,0.000e+00,0.000e+00,0.000e+00,0.000e+00,0.000e+00,0.000e+00,0.000e+00,0.000e+00,0.000e+00,0.000e+00,0.000e+00,0.000e+00,0.000e+00,0.000e+00,0.000e+00,0.000e+00,0.000e+00,0.000e+00,0.000e+00,0.000e+00,0.000e+00,0.000e+00,9.025e+02
zero-terms-full	3	double	3.5e+00,3.5e+00,3.5e+00,3.5e+00,3.5e+00,3.5e+00	3.0e+00,3.0e+00,3.0e+00,3.0e+00,3.0e+00,3.5e+00
zero-terms-full	4	double	7.75e+00	7.75e+00
zero-terms-short	0	integer	5,991	5,991
zero-terms-short	1	double	-2.0000000000000000e+00,-2.0000000000000001e-01,0.0000000000000000e+00,6.9999999999999996e-01,2.0000000000000000e+00,9.0125000000000000e+02	-2.0000000000000000e+00,-2.0000000000000001e-01,0.0000000000000000e+00,6.9999999999999996e-01,2.0000000000000000e+00,9.0125000000000000e+02
zero-terms-short	2	double	1.000e+00,1.000e+00,1.000e+00,2.400e+01,0.000e+00,3.000e+00,0.000e+00,9.025e+02	1.000e+00,1.000e+00,1.000e+00,2.400e+01,0.000e+00,3.000e+00,0.000e+00,9.025e+02
zero-terms-short	3	double	3.5e+00,3.5e+00,3.5e+00,3.5e+00,3.5e+00,3.5e+00	3.0e+00,3.0e+00,3.0e+00,3.0e+00,3.0e+00,3.5e+00
zero-terms-short	4	double	7.75e+00	7.75e+00
singleton-curve	0	integer	4,991	4,991
singleton-curve	1	double	-1.0000e+00,0.0000e+00,1.0000e+00,2.0000e+00,0.0000e+00,1.0000e+00,2.0000e+00,3.0000e+00,9.0125e+02	-1.0000e+00,0.0000e+00,1.0000e+00,2.0000e+00,0.0000e+00,1.0000e+00,2.0000e+00,3.0000e+00,9.0125e+02
singleton-curve	2	double	1.000e+00,2.000e+00,2.000e+00,1.000e+00,1.000e+00,2.000e+00,4.000e+00,2.000e+00,1.000e+00,5.000e-01,3.000e+00,2.000e+00,7.000e+00,0.000e+00,9.025e+02	1.000e+00,2.000e+00,2.000e+00,1.000e+00,1.000e+00,2.000e+00,4.000e+00,2.000e+00,1.000e+00,5.000e-01,3.000e+00,2.000e+00,7.000e+00,0.000e+00,9.025e+02
singleton-curve	3	double	3.5e+00,3.5e+00,3.5e+00,3.5e+00,3.5e+00,3.5e+00,3.5e+00,3.5e+00,3.5e+00	4.4e+01,4.4e+01,4.4e+01,4.4e+01,3.2e+01,3.2e+01,3.2e+01,3.2e+01,3.5e+00
singleton-curve	4	double	7.75e+00,7.75e+00,7.75e+00	1.1000000000000001e+00,7.0000000000000000e+00,7.7500000000000000e+00
tied-projections	0	integer	7,991	7,991
tied-projections	1	double	-1.0000e+00,0.0000e+00,5.0000e-01,1.0000e+00,1.5000e+00,2.0000e+00,3.0000e+00,9.0125e+02	-1.0000e+00,0.0000e+00,5.0000e-01,1.0000e+00,1.5000e+00,2.0000e+00,3.0000e+00,9.0125e+02
tied-projections	2	double	1.000e+00,1.000e+00,1.000e+00,6.000e+00,1.000e+00,0.000e+00,1.000e+00,1.000e+00,1.000e+00,2.000e+01,0.000e+00,1.000e+01,2.100e+01,1.000e+00,1.100e+01,2.000e+00,0.000e+00,1.000e+00,2.000e+00,0.000e+00,1.000e+00,9.025e+02	1.000e+00,1.000e+00,1.000e+00,6.000e+00,1.000e+00,0.000e+00,1.000e+00,1.000e+00,1.000e+00,0.000e+00,1.000e+00,1.000e+01,1.100e+01,2.100e+01,2.000e+01,0.000e+00,0.000e+00,1.000e+00,1.000e+00,2.000e+00,2.000e+00,9.025e+02
tied-projections	3	double	3.5e+00,3.5e+00,3.5e+00,3.5e+00,3.5e+00,3.5e+00,3.5e+00,3.5e+00	0.0e+00,0.0e+00,5.5e+00,1.0e+01,1.6e+01,2.0e+01,2.0e+01,3.5e+00
tied-projections	4	double	7.75e+00,7.75e+00,7.75e+00,7.75e+00,7.75e+00,7.75e+00,7.75e+00,7.75e+00,7.75e+00,7.75e+00,7.75e+00,7.75e+00,7.75e+00	2.0000000000000000e+00,5.0000000000000000e+00,3.0000000000000000e+00,6.0000000000000000e+00,4.0999999999999996e+00,1.0000000000000000e+00,2.0000000000000000e+01,0.0000000000000000e+00,1.0000000000000000e+01,2.1000000000000000e+01,1.0000000000000000e+00,1.1000000000000000e+01,7.7500000000000000e+00
descending-long	0	integer	7,991	7,991
descending-long	1	double	0.0000e+00,1.0000e+00,1.5000e+00,8.0000e+00,1.5500e+01,2.4000e+01,2.5000e+01,9.0125e+02	0.0000e+00,1.0000e+00,1.5000e+00,8.0000e+00,1.5500e+01,2.4000e+01,2.5000e+01,9.0125e+02
descending-long	2	double	1.000e+00,1.000e+00,1.000e+00,2.400e+01,1.000e+00,0.000e+00,1.000e+00,1.000e+00,1.000e+00,2.400e+01,2.300e+01,2.200e+01,2.100e+01,2.000e+01,1.900e+01,1.800e+01,1.700e+01,1.600e+01,1.500e+01,1.400e+01,1.300e+01,1.200e+01,1.100e+01,1.000e+01,9.000e+00,8.000e+00,7.000e+00,6.000e+00,5.000e+00,4.000e+00,3.000e+00,2.000e+00,1.000e+00,2.400e+01,2.300e+01,2.200e+01,2.100e+01,2.000e+01,1.900e+01,1.800e+01,1.700e+01,1.600e+01,1.500e+01,1.400e+01,1.300e+01,1.200e+01,1.100e+01,1.000e+01,9.000e+00,8.000e+00,7.000e+00,6.000e+00,5.000e+00,4.000e+00,3.000e+00,2.000e+00,1.000e+00,9.025e+02	1.000e+00,1.000e+00,1.000e+00,2.400e+01,1.000e+00,0.000e+00,1.000e+00,1.000e+00,1.000e+00,1.000e+00,2.000e+00,3.000e+00,4.000e+00,5.000e+00,6.000e+00,7.000e+00,8.000e+00,9.000e+00,1.000e+01,1.100e+01,1.200e+01,1.300e+01,1.400e+01,1.500e+01,1.600e+01,1.700e+01,1.800e+01,1.900e+01,2.000e+01,2.100e+01,2.200e+01,2.300e+01,2.400e+01,1.000e+00,2.000e+00,3.000e+00,4.000e+00,5.000e+00,6.000e+00,7.000e+00,8.000e+00,9.000e+00,1.000e+01,1.100e+01,1.200e+01,1.300e+01,1.400e+01,1.500e+01,1.600e+01,1.700e+01,1.800e+01,1.900e+01,2.000e+01,2.100e+01,2.200e+01,2.300e+01,2.400e+01,9.025e+02
descending-long	3	double	3.5e+00,3.5e+00,3.5e+00,3.5e+00,3.5e+00,3.5e+00,3.5e+00,3.5e+00	1.00e+00,1.00e+00,1.50e+00,8.00e+00,1.55e+01,2.40e+01,2.40e+01,3.50e+00
descending-long	4	double	7.75e+00,7.75e+00,7.75e+00,7.75e+00,7.75e+00,7.75e+00,7.75e+00,7.75e+00,7.75e+00,7.75e+00,7.75e+00,7.75e+00,7.75e+00,7.75e+00,7.75e+00,7.75e+00,7.75e+00,7.75e+00,7.75e+00,7.75e+00,7.75e+00,7.75e+00,7.75e+00,7.75e+00,7.75e+00,7.75e+00,7.75e+00,7.75e+00,7.75e+00,7.75e+00,7.75e+00,7.75e+00,7.75e+00,7.75e+00,7.75e+00,7.75e+00,7.75e+00,7.75e+00,7.75e+00,7.75e+00,7.75e+00,7.75e+00,7.75e+00,7.75e+00,7.75e+00,7.75e+00,7.75e+00,7.75e+00,7.75e+00	2.4000000000000000e+01,2.3000000000000000e+01,2.2000000000000000e+01,2.1000000000000000e+01,2.0000000000000000e+01,1.9000000000000000e+01,1.8000000000000000e+01,1.7000000000000000e+01,1.6000000000000000e+01,1.5000000000000000e+01,1.4000000000000000e+01,1.3000000000000000e+01,1.2000000000000000e+01,1.1100000000000000e+01,1.0100000000000000e+01,9.0999999999999996e+00,8.0999999999999996e+00,7.0000000000000000e+00,6.0999999999999996e+00,5.0999999999999996e+00,4.0999999999999996e+00,3.1000000000000001e+00,2.1000000000000001e+00,1.0000000000000000e+00,2.4000000000000000e+01,2.3000000000000000e+01,2.2000000000000000e+01,2.1000000000000000e+01,2.0000000000000000e+01,1.9000000000000000e+01,1.8000000000000000e+01,1.7000000000000000e+01,1.6000000000000000e+01,1.5000000000000000e+01,1.4000000000000000e+01,1.3000000000000000e+01,1.2000000000000000e+01,1.1000000000000000e+01,1.0000000000000000e+01,9.0000000000000000e+00,8.0000000000000000e+00,7.0000000000000000e+00,6.0000000000000000e+00,5.0000000000000000e+00,4.0000000000000000e+00,3.0000000000000000e+00,2.0000000000000000e+00,1.0000000000000000e+00,7.7500000000000000e+00
