case	error	warnings	output_x	output_y
decimal			0.0000000000000000e+00,4.3478260869565216e-02,8.6956521739130432e-02,1.3043478260869565e-01,1.7391304347826086e-01,2.1739130434782608e-01,2.6086956521739130e-01,3.0434782608695654e-01,3.4782608695652173e-01,3.9130434782608697e-01,4.3478260869565216e-01,4.7826086956521741e-01,5.2173913043478259e-01,5.6521739130434778e-01,6.0869565217391308e-01,6.5217391304347827e-01,6.9565217391304346e-01,7.3913043478260865e-01,7.8260869565217395e-01,8.2608695652173914e-01,8.6956521739130432e-01,9.1304347826086951e-01,9.5652173913043481e-01,1.0000000000000000e+00	1.0940243124776226e-01,2.9096153532665292e-01,4.7252063940554362e-01,6.5407974348443432e-01,7.9603358653157574e-01,9.0144599554212257e-01,9.3583137092117397e-01,9.2568653449546645e-01,8.4434539944927045e-01,7.2613575418993692e-01,5.5170402744728408e-01,3.6167724978040233e-01,1.4156156237161971e-01,-6.4924667862106072e-02,-2.7116152362515750e-01,-4.3436978899023443e-01,-5.7085807440629677e-01,-6.4256690120785276e-01,-6.7199645205063430e-01,-6.2833168491141522e-01,-5.4187986791939136e-01,-4.1454724338995247e-01,-2.8721461886051319e-01,-1.5988199433107431e-01
trailing			0.0000000000000000e+00,4.3478260869565216e-02,8.6956521739130432e-02,1.3043478260869565e-01,1.7391304347826086e-01,2.1739130434782608e-01,2.6086956521739130e-01,3.0434782608695654e-01,3.4782608695652173e-01,3.9130434782608697e-01,4.3478260869565216e-01,4.7826086956521741e-01,5.2173913043478259e-01,5.6521739130434778e-01,6.0869565217391308e-01,6.5217391304347827e-01,6.9565217391304346e-01,7.3913043478260865e-01,7.8260869565217395e-01,8.2608695652173914e-01,8.6956521739130432e-01,9.1304347826086951e-01,9.5652173913043481e-01,1.0000000000000000e+00	1.0940243124776226e-01,2.9096153532665292e-01,4.7252063940554362e-01,6.5407974348443432e-01,7.9603358653157574e-01,9.0144599554212257e-01,9.3583137092117397e-01,9.2568653449546645e-01,8.4434539944927045e-01,7.2613575418993692e-01,5.5170402744728408e-01,3.6167724978040233e-01,1.4156156237161971e-01,-6.4924667862106072e-02,-2.7116152362515750e-01,-4.3436978899023443e-01,-5.7085807440629677e-01,-6.4256690120785276e-01,-6.7199645205063430e-01,-6.2833168491141522e-01,-5.4187986791939136e-01,-4.1454724338995247e-01,-2.8721461886051319e-01,-1.5988199433107431e-01
zeros			0.0000000000000000e+00,4.3478260869565216e-02,8.6956521739130432e-02,1.3043478260869565e-01,1.7391304347826086e-01,2.1739130434782608e-01,2.6086956521739130e-01,3.0434782608695654e-01,3.4782608695652173e-01,3.9130434782608697e-01,4.3478260869565216e-01,4.7826086956521741e-01,5.2173913043478259e-01,5.6521739130434778e-01,6.0869565217391308e-01,6.5217391304347827e-01,6.9565217391304346e-01,7.3913043478260865e-01,7.8260869565217395e-01,8.2608695652173914e-01,8.6956521739130432e-01,9.1304347826086951e-01,9.5652173913043481e-01,1.0000000000000000e+00	1.0940243124776226e-01,2.9096153532665292e-01,4.7252063940554362e-01,6.5407974348443432e-01,7.9603358653157574e-01,9.0144599554212257e-01,9.3583137092117397e-01,9.2568653449546645e-01,8.4434539944927045e-01,7.2613575418993692e-01,5.5170402744728408e-01,3.6167724978040233e-01,1.4156156237161971e-01,-6.4924667862106072e-02,-2.7116152362515750e-01,-4.3436978899023443e-01,-5.7085807440629677e-01,-6.4256690120785276e-01,-6.7199645205063430e-01,-6.2833168491141522e-01,-5.4187986791939136e-01,-4.1454724338995247e-01,-2.8721461886051319e-01,-1.5988199433107431e-01
exponent			0.0000000000000000e+00,4.3478260869565216e-02,8.6956521739130432e-02,1.3043478260869565e-01,1.7391304347826086e-01,2.1739130434782608e-01,2.6086956521739130e-01,3.0434782608695654e-01,3.4782608695652173e-01,3.9130434782608697e-01,4.3478260869565216e-01,4.7826086956521741e-01,5.2173913043478259e-01,5.6521739130434778e-01,6.0869565217391308e-01,6.5217391304347827e-01,6.9565217391304346e-01,7.3913043478260865e-01,7.8260869565217395e-01,8.2608695652173914e-01,8.6956521739130432e-01,9.1304347826086951e-01,9.5652173913043481e-01,1.0000000000000000e+00	5.8764273224894609e-02,2.6497562764504240e-01,4.7118698206519022e-01,6.5411684323116004e-01,8.0211966249288058e-01,8.9856545646739061e-01,9.4215551220375404e-01,9.2281103951197763e-01,8.5044122227014640e-01,7.2281402801601369e-01,5.5716590186363280e-01,3.5757675592672816e-01,1.4615254738389866e-01,-6.9929241612304890e-02,-2.6744663184003198e-01,-4.4016318593472309e-01,-5.6779135779643097e-01,-6.4882396467441461e-01,-6.6917751798324532e-01,-6.3460388002373347e-01,-5.4397518110158150e-01,-4.1343804432268572e-01,-2.5560626507255169e-01,-9.7774485822418045e-02
hex			0.0000000000000000e+00,4.3478260869565216e-02,8.6956521739130432e-02,1.3043478260869565e-01,1.7391304347826086e-01,2.1739130434782608e-01,2.6086956521739130e-01,3.0434782608695654e-01,3.4782608695652173e-01,3.9130434782608697e-01,4.3478260869565216e-01,4.7826086956521741e-01,5.2173913043478259e-01,5.6521739130434778e-01,6.0869565217391308e-01,6.5217391304347827e-01,6.9565217391304346e-01,7.3913043478260865e-01,7.8260869565217395e-01,8.2608695652173914e-01,8.6956521739130432e-01,9.1304347826086951e-01,9.5652173913043481e-01,1.0000000000000000e+00	1.0940243124776226e-01,2.9096153532665292e-01,4.7252063940554362e-01,6.5407974348443432e-01,7.9603358653157574e-01,9.0144599554212257e-01,9.3583137092117397e-01,9.2568653449546645e-01,8.4434539944927045e-01,7.2613575418993692e-01,5.5170402744728408e-01,3.6167724978040233e-01,1.4156156237161971e-01,-6.4924667862106072e-02,-2.7116152362515750e-01,-4.3436978899023443e-01,-5.7085807440629677e-01,-6.4256690120785276e-01,-6.7199645205063430e-01,-6.2833168491141522e-01,-5.4187986791939136e-01,-4.1454724338995247e-01,-2.8721461886051319e-01,-1.5988199433107431e-01
cv			0.0000000000000000e+00,4.3478260869565216e-02,8.6956521739130432e-02,1.3043478260869565e-01,1.7391304347826086e-01,2.1739130434782608e-01,2.6086956521739130e-01,3.0434782608695654e-01,3.4782608695652173e-01,3.9130434782608697e-01,4.3478260869565216e-01,4.7826086956521741e-01,5.2173913043478259e-01,5.6521739130434778e-01,6.0869565217391308e-01,6.5217391304347827e-01,6.9565217391304346e-01,7.3913043478260865e-01,7.8260869565217395e-01,8.2608695652173914e-01,8.6956521739130432e-01,9.1304347826086951e-01,9.5652173913043481e-01,1.0000000000000000e+00	5.8764273224894609e-02,2.6497562764504240e-01,4.7118698206519022e-01,6.5411684323116004e-01,8.0211966249288058e-01,8.9856545646739061e-01,9.4215551220375404e-01,9.2281103951197763e-01,8.5044122227014640e-01,7.2281402801601369e-01,5.5716590186363280e-01,3.5757675592672816e-01,1.4615254738389866e-01,-6.9929241612304890e-02,-2.6744663184003198e-01,-4.4016318593472309e-01,-5.6779135779643097e-01,-6.4882396467441461e-01,-6.6917751798324532e-01,-6.3460388002373347e-01,-5.4397518110158150e-01,-4.1343804432268572e-01,-2.5560626507255169e-01,-9.7774485822418045e-02
dot	'span' must be between 0 and 1.			
leading	'span' must be between 0 and 1.			
plus	'span' must be between 0 and 1.			
too_high	'span' must be between 0 and 1.			
junk	NA/NaN/Inf in foreign function call (arg 6)	NAs introduced by coercion		
empty_text	'span' must be between 0 and 1.			
text_na	'span' must be between 0 and 1.			
empty	argument is of length zero			
multiple	the condition has length > 1			
missing	missing value where TRUE/FALSE needed			
real_empty	argument is of length zero			
real_multiple	the condition has length > 1			
real_missing	missing value where TRUE/FALSE needed			
real_nan	missing value where TRUE/FALSE needed			
real_inf	'span' must be between 0 and 1.			
